title,region,version,versiondate,crc32,status,notes,,,,,,,,,,,,,,,,,
Aaahh!!! Real Monsters,USA,Beta,1995-07-07,F4B44B82,Works,,,,,,,,,,,,,,,,,,
"Addams Family, The","USA, Europe",Beta,,2803A5CA,Works,,,,,,,,,,,,,,,,,,
Advanced Daisenryaku - Deutsch Dengeki Sakusen,Japan,Beta,1991-03-07,6CE17E36,Doesn't work,Blackscreen after logo,,,,,,,,,,,,,,,,,
"Adventures of Batman & Robin, The",USA,Beta,1995-04-06,F05CF389,Has problems,No audio,,,,,,,,,,,,,,,,,
"Adventures of Batman & Robin, The",USA,Beta,1995-04-10,D4F3A070,Works,,,,,,,,,,,,,,,,,,
"Adventures of Batman & Robin, The",USA,Beta,1995-04-11,B5B5A290,Works,,,,,,,,,,,,,,,,,,
"Adventures of Batman & Robin, The",USA,Beta,1995-04-18,6874142B,Works,,,,,,,,,,,,,,,,,,
"Adventures of Batman & Robin, The",USA,Beta,1995-04-19,7002DA56,Works,,,,,,,,,,,,,,,,,,
"Adventures of Batman & Robin, The",USA,Beta,1995-04-21,61F02F13,Works,,,,,,,,,,,,,,,,,,
"Adventures of Batman & Robin, The",USA,Beta,1995-04-22,EB8236B2,Works,,,,,,,,,,,,,,,,,,
"Adventures of Batman & Robin, The",USA,Beta,1995-04-24,253947F8,Works,,,,,,,,,,,,,,,,,,
"Adventures of Batman & Robin, The",USA,Beta,1995-04-26,BC79F7EE,Works,,,,,,,,,,,,,,,,,,
"Adventures of Batman & Robin, The",USA,Beta,1995-04-27,FDAC8190,Works,,,,,,,,,,,,,,,,,,
"Adventures of Batman & Robin, The",USA,Beta,1995-04-28,27A1524B,Works,,,,,,,,,,,,,,,,,,
Aero the Acro-Bat,Europe,Beta,,DCD14B10,Works,,,,,,,,,,,,,,,,,,
Akira,USA,Proto,,6D32D468,Has problems,no audio and no enemies,,,,,,,,,,,,,,,,,
Aladdin,USA,Beta,"August, 1993",8C60EF73,Works,,,,,,,,,,,,,,,,,,
Aladdin,USA,Beta Chicago C.E.S. Demo,1993-06-27,78110310,Works,,,,,,,,,,,,,,,,,,
Aladdin,Japan,Beta,1993-07-31,C4491714,Works,,,,,,,,,,,,,,,,,,
Andre Agassi Tennis,USA,Beta,"August, 1992",3BBF700D,Works,,,,,,,,,,,,,,,,,,
Arnold Palmer Tournament Golf,"USA, Europe",Beta -Rev A Sega Channel,1990-03-22,09B67C70,Works,,,,,,,,,,,,,,,,,,
Art Alive,World,Beta,1991-09-20,952C0375,Works,,,,,,,,,,,,,,,,,,
Art of Fighting,USA,Beta,1994-07-11,19CE567D,Works,,,,,,,,,,,,,,,,,,
Asterix and the Power of the Gods,Europe,Beta,"February, 1994",45C8B5B7,Unplayable,Nothing but Screen Barf,,,,,,,,,,,,,,,,,
ATP Tour Championship Tennis,USA,Beta,1994-05-09,B17A8DBC,Works,,,,,,,,,,,,,,,,,,
ATP Tour Championship Tennis,USA,Beta,1994-07-19,CB927488,Works,,,,,,,,,,,,,,,,,,
ATP Tour Championship Tennis,USA,Beta,1994-07-23,A15D5051,Works,,,,,,,,,,,,,,,,,,
ATP Tour Championship Tennis,USA,Beta,1994-08-02,686A9FA1,Works,,,,,,,,,,,,,,,,,,
ATP Tour Championship Tennis,USA,Beta,1994-08-05,A1FEF967,Works,,,,,,,,,,,,,,,,,,
ATP Tour Championship Tennis,USA,Beta,1994-08-08,E6398864,Works,,,,,,,,,,,,,,,,,,
ATP Tour Championship Tennis,USA,Beta,1994-09-08,B83F4CA4,Works,,,,,,,,,,,,,,,,,,
Awesome Possum Kicks Dr Machino's Butt!,USA,Beta,,0158DC53,Works,,,,,,,,,,,,,,,,,,
B.O.B.,"USA, Europe",Beta,"October, 1992",E3E8421E,Works,,,,,,,,,,,,,,,,,,
Baby Boom,USA,Proto,1994-08-11,BD697054,Works,,,,,,,,,,,,,,,,,,
Baby Boom,USA,Proto,1994-06-06,6E0CF48D,Works,,,,,,,,,,,,,,,,,,
Baby Boom,USA,Proto,1994-06-03,C0D97F6F,Works,,,,,,,,,,,,,,,,,,
Baby's Day Out,USA,Proto,"August, 1994",B2E7CC49,Has problems,No Audio,,,,,,,,,,,,,,,,,
Baby's Day Out,USA,Proto,"February, 1995",459B891C,Has problems,No Audio,,,,,,,,,,,,,,,,,
Ballz 3D - Fighting at Its Ballziest ~ Ballz 3D - The Battle of the Ballz,"USA, Europe",Beta -Rev A,"September, 1994",D349AB90,Doesn't work,black screen,,,,,,,,,,,,,,,,,
Barbie Super Model,USA,Beta,1993-06-30,D4823175,Doesn't work,Locks up on gameplay,,,,,,,,,,,,,,,,,
Barbie Vacation Adventure,USA,Proto,,10E0BA69,Works,,,,,,,,,,,,,,,,,,
Bare Knuckle II,Unknown,Beta,,0CF2ACBE,Works,,,,,,,,,,,,,,,,,,
Bare Knuckle III,Japan,Beta,,E7FF99DB,Works,,,,,,,,,,,,,,,,,,
Barkley Shut Up and Jam 2,USA,Beta,,DE27357B,Works,,,,,,,,,,,,,,,,,,
Barney's Hide & Seek Game,USA,Beta,1993-09-18,19D9DC81,Works,,,,,,,,,,,,,,,,,,
Battle Mania,Japan,Beta,1991-05-28,BF0A017F,Works,,,,,,,,,,,,,,,,,,
Battle Squadron,"USA, Europe",Beta -Rev A Sega Channel,1991-01-18,43A76B45,Works,,,,,,,,,,,,,,,,,,
Beast Wrestler,Japan,Beta,1991-09-13,E8734E9C,Works,,,,,,,,,,,,,,,,,,
Beastball,Europe,Proto,,6A176576,Works,,,,,,,,,,,,,,,,,,
Beavis and Butt-Head,USA,Beta,,81ED5335,Doesn't work,black screen,,,,,,,,,,,,,,,,,
"Berenstain Bears' Camping Adventure, The",USA,Beta,1994-03-23,BFBCD7CC,Works,,,,,,,,,,,,,,,,,,
"Berenstain Bears' Camping Adventure, The",USA,Beta,1994-04-28,F222E946,Works,,,,,,,,,,,,,,,,,,
"Berenstain Bears' Camping Adventure, The",USA,Beta,1994-04-29,E21493B4,Works,,,,,,,,,,,,,,,,,,
"Berenstain Bears' Camping Adventure, The",USA,Beta,1994-05-06,713C14D8,Works,,,,,,,,,,,,,,,,,,
"Berenstain Bears' Camping Adventure, The",USA,Beta,1994-05-11,F7B81C6A,Works,,,,,,,,,,,,,,,,,,
"Berenstain Bears' Camping Adventure, The",USA,Beta,1994-05-19,07C9F71F,Works,,,,,,,,,,,,,,,,,,
"Berenstain Bears' Camping Adventure, The",USA,Beta,1994-05-17,E1855ADE,Works,,,,,,,,,,,,,,,,,,
"Berenstain Bears' Camping Adventure, The",USA,Beta,1994-05-23,913887B7,Works,,,,,,,,,,,,,,,,,,
"Berenstain Bears' Camping Adventure, The",USA,Beta,1994-05-26,D33C0FA4,Works,,,,,,,,,,,,,,,,,,
"Berenstain Bears' Camping Adventure, The",USA,Beta,1994-05-30,9C3BF429,Works,,,,,,,,,,,,,,,,,,
"Berenstain Bears' Camping Adventure, The",USA,Beta,1994-06-02,83CF19E4,Works,,,,,,,,,,,,,,,,,,
"Berenstain Bears' Camping Adventure, The",USA,Beta,1994-06-10,A748E2CF,Works,,,,,,,,,,,,,,,,,,
"Berenstain Bears' Camping Adventure, The",USA,Beta,1994-07-09,BF6AA405,Works,,,,,,,,,,,,,,,,,,
"Berenstain Bears' Camping Adventure, The",USA,Beta,1994-07-16,C84AAD8E,Works,,,,,,,,,,,,,,,,,,
"Berenstain Bears' Camping Adventure, The",USA,Beta,1994-07-20,ABEE4C5E,Works,,,,,,,,,,,,,,,,,,
"Berenstain Bears' Camping Adventure, The",USA,Beta,1994-08-01,B7CD465C,Works,,,,,,,,,,,,,,,,,,
"Berenstain Bears' Camping Adventure, The",USA,Beta,1994-08-02,383AD564,Works,,,,,,,,,,,,,,,,,,
"Berenstain Bears' Camping Adventure, The",USA,Beta,1994-08-03,18F268A6,Works,,,,,,,,,,,,,,,,,,
"Berenstain Bears' Camping Adventure, The",USA,Beta,1994-08-05,24159B6F,Works,,,,,,,,,,,,,,,,,,
"Berenstain Bears' Camping Adventure, The",USA,Beta,1994-08-08,58B6B0FC,Works,,,,,,,,,,,,,,,,,,
Best of the Best - Championship Karate,Europe,Proto,,F842240B,Works,Downscaled Screen,,,,,,,,,,,,,,,,,
Beyond Oasis,USA,Beta,1994-11-01,FA59F847,Works,,,,,,,,,,,,,,,,,,
Beyond Zero Tolerance,USA,Proto,,C61ED2ED,Doesn't work,First Time: E3 Please shutdown. Second Time: E4 Shutdown,,,,,,,,,,,,,,,,,
Bill's Tomato Game,USA,Proto,,0E1F263F,Works,,,,,,,,,,,,,,,,,,
Bio Hazard Battle,"USA, Europe",Beta,,DD10DD1A,Works,,,,,,,,,,,,,,,,,,
Blaster Master 2,USA,Beta,,08F78C70,Works,,,,,,,,,,,,,,,,,,
Body Count,Europe,Beta,,B4FFB6CE,Works,,,,,,,,,,,,,,,,,,
Body Count,Brazil,Beta,1994-01-27,66CA4E71,Works,"Autodetects as (E), but force USA region or it will region lock",,,,,,,,,,,,,,,,,
Body Count,Brazil,Beta,1994-02-08,C5FED897,Works,,,,,,,,,,,,,,,,,,
Body Count,Brazil,Beta,1994-03-08,8965213F,Works,,,,,,,,,,,,,,,,,,
Body Count,Brazil,Beta,1994-03-03,6ABC6E77,Works,,,,,,,,,,,,,,,,,,
Bonkers,"USA, Europe",Beta,1994-03-03,E4CD0D61,Has problems,Backgrounds do not seem to tile correctly.,,,,,,,,,,,,,,,,,
Bonkers,"USA, Europe",Beta,1994-03-28,CD67C588,Works,,,,,,,,,,,,,,,,,,
Bonkers,"USA, Europe",Beta,1994-08-04,913CC834,Works,,,,,,,,,,,,,,,,,,
Bonkers,"USA, Europe",Beta,1994-08-25,3E5EDC4F,Works,,,,,,,,,,,,,,,,,,
Bonkers,"USA, Europe",Beta,1994-08-29,7B84793E,Works,,,,,,,,,,,,,,,,,,
Bubba N Stix,Europe,Beta,,A8731CB4,Unplayable,Weird background effects. Garbled.  No way.,,,,,,,,,,,,,,,,,
Budokan - The Martial Spirit,USA,Beta v1.1,1990-09-25,43532E3D,Works,,,,,,,,,,,,,,,,,,
Captain America and the Avengers,USA,Beta,,BAAC59C0,Works,,,,,,,,,,,,,,,,,,
Castlevania - Bloodlines,USA,Beta,1993-08-04,CA0DF45B,Works,,,,,,,,,,,,,,,,,,
"Chaos Engine 2, The",Europe,Proto,,3FB045C2,Works,,,,,,,,,,,,,,,,,,
Chuck Rock II - Son of Chuck,USA,Beta,,D6A3B324,Works,,,,,,,,,,,,,,,,,,
College Football's National Championship,USA,Beta,1994-04-13,D9772DEF,Works,,,,,,,,,,,,,,,,,,
College Football's National Championship,USA,Beta,1994-04-18,E0A1705F,Works,,,,,,,,,,,,,,,,,,
College Football's National Championship,USA,Beta,1994-04-19,D5FE66C3,Works,,,,,,,,,,,,,,,,,,
College Football's National Championship,USA,Beta,1994-04-29,99DA1973,Works,,,,,,,,,,,,,,,,,,
College Football's National Championship,USA,Beta,1994-05-03,DB1A3F66,Works,,,,,,,,,,,,,,,,,,
College Football's National Championship,USA,Beta,1994-05-06,0A538E75,Works,,,,,,,,,,,,,,,,,,
College Football's National Championship,USA,Beta,1994-05-11,CE65B294,Works,,,,,,,,,,,,,,,,,,
College Football's National Championship,USA,Beta,1994-05-17,8CFD4C86,Works,,,,,,,,,,,,,,,,,,
College Football's National Championship,USA,Beta,1994-05-20,F285385E,Works,,,,,,,,,,,,,,,,,,
College Football's National Championship,USA,Beta,1994-05-25,482E334A,Works,,,,,,,,,,,,,,,,,,
College Football's National Championship,USA,Beta,1994-05-31,C6766745,Works,,,,,,,,,,,,,,,,,,
College Football's National Championship,USA,Beta,1994-06-01,994DBC8F,Works,,,,,,,,,,,,,,,,,,
College Football's National Championship,USA,Beta,1994-06-03,9CA29321,Works,,,,,,,,,,,,,,,,,,
College Football's National Championship,USA,Beta,1994-06-07,B40B791E,Works,,,,,,,,,,,,,,,,,,
College Football's National Championship,USA,Beta,1994-06-08,D008DEBC,Works,,,,,,,,,,,,,,,,,,
College Football's National Championship,USA,Beta,1994-06-14,ECEF7DE7,Works,,,,,,,,,,,,,,,,,,
College Football's National Championship,USA,Beta,1994-06-15,C7E5A998,Works,,,,,,,,,,,,,,,,,,
College Football's National Championship,USA,Beta,1994-06-18,74988A9D,Works,,,,,,,,,,,,,,,,,,
College Football's National Championship,USA,Beta,1994-06-20,898C17FA,Works,,,,,,,,,,,,,,,,,,
Comix Zone,USA,Beta,1995-04-04,2EFCB6EE,Works,,,,,,,,,,,,,,,,,,
Comix Zone,USA,Beta,1995-05-26,36029A1F,Has problems,cant exit intro level,,,,,,,,,,,,,,,,,
Comix Zone,USA,Beta,1995-05-30,A72ECA2C,Works,,,,,,,,,,,,,,,,,,
Comix Zone,USA,Beta,1995-06-01,BA506835,Works,,,,,,,,,,,,,,,,,,
Comix Zone,USA,Beta,1995-06-02,B5F0DAE5,Works,,,,,,,,,,,,,,,,,,
Comix Zone,USA,Beta,1995-06-03,AFF32614,Works,,,,,,,,,,,,,,,,,,
Comix Zone,Europe,Beta,1995-06-28,939EFD4C,Works,Force PAL Region or it will region lock,,,,,,,,,,,,,,,,,
Comix Zone,Europe,Beta,1995-07-12,E28C89C1,Works,,,,,,,,,,,,,,,,,,
Comix Zone,USA,Beta Alt 1,1995-06-02,1A4ABCF3,Works,,,,,,,,,,,,,,,,,,
Comix Zone,USA,Beta Alt 1,1995-06-01,BBE03CB6,Works,,,,,,,,,,,,,,,,,,
Comix Zone,USA,Beta Alt 2,1995-06-01,413B9A94,Works,,,,,,,,,,,,,,,,,,
Comix Zone,USA,Beta Alt 3,1995-06-01,9AE93C9D,Works,,,,,,,,,,,,,,,,,,
Congo - The Game,USA,Proto,,13746716,Works,,,,,,,,,,,,,,,,,,
Cool Spot,USA,Beta,,0EBAA4A8,Works,,,,,,,,,,,,,,,,,,
CrossFire,USA,Sample,,FF9E9F45,Works,,,,,,,,,,,,,,,,,,
Crystal's Pony Tale,USA,Beta,1994-05-11,EAC9D74B,Works,,,,,,,,,,,,,,,,,,
Crystal's Pony Tale,USA,Beta,1994-05-19,DC50B741,Works,,,,,,,,,,,,,,,,,,
Crystal's Pony Tale,USA,Beta,1994-05-26,A2EABA55,Works,,,,,,,,,,,,,,,,,,
Crystal's Pony Tale,USA,Beta,1994-06-01,14C6347C,Works,,,,,,,,,,,,,,,,,,
Crystal's Pony Tale,USA,Beta,1994-06-06,83E8CAC9,Works,,,,,,,,,,,,,,,,,,
Crystal's Pony Tale,USA,Beta,1994-06-10,9E1DD267,Works,,,,,,,,,,,,,,,,,,
Crystal's Pony Tale,USA,Beta,1994-06-23,4CCC19AF,Works,,,,,,,,,,,,,,,,,,
Crystal's Pony Tale,USA,Beta,1994-06-28,03BE7F66,Works,,,,,,,,,,,,,,,,,,
Crystal's Pony Tale,USA,Beta,1994-06-30,DD8C73FB,Works,,,,,,,,,,,,,,,,,,
Crystal's Pony Tale,USA,Beta,1994-07-01,16AC2E4F,Works,,,,,,,,,,,,,,,,,,
Crystal's Pony Tale,USA,Beta,1994-07-02,24BC4354,Works,,,,,,,,,,,,,,,,,,
Crystal's Pony Tale,USA,Beta,1994-07-03,6D67A87C,Works,,,,,,,,,,,,,,,,,,
Crystal's Pony Tale,USA,Beta,1994-07-12,3577DC72,Works,,,,,,,,,,,,,,,,,,
Crystal's Pony Tale,USA,Beta Alt 1,1994-07-12,2BFC0A53,Works,,,,,,,,,,,,,,,,,,
Crystal's Pony Tale,USA,Beta,1994-07-13,C67B6DBA,Works,,,,,,,,,,,,,,,,,,
Curse,USA,Proto Sega Channel,1990-06-26,DEE8876D,Works,Plays slow,,,,,,,,,,,,,,,,,
CutThroat Island,"USA, Europe",Beta,,7F4939F2,Works,,,,,,,,,,,,,,,,,,
Daffy Duck in Hollywood,Europe,Beta,,0EAA4740,Works,,,,,,,,,,,,,,,,,,
Daisenpuu ~ Twin Hawk,"Japan, Europe",Beta,1990-04-06,DDE94356,Has problems,No Sound,,,,,,,,,,,,,,,,,
Danny Sullivan's Indy Heat,USA,Proto,,0E356A3C,Works,,,,,,,,,,,,,,,,,,
Darwin 4081,"Japan, Korea",Beta,1990-02-21,DB68D1AC,Works,,,,,,,,,,,,,,,,,,
Dashin' Desperadoes,Europe,Proto,,98D224A5,Has problems,Graphical Glitching,,,,,,,,,,,,,,,,,
Dashin' Desperadoes,USA,Beta,,B573E63A,Has problems,Graphical glitching in 2p Splitscreen area,,,,,,,,,,,,,,,,,
David Robinson Basketball,Japan,Beta,1992-04-15,875BB1A0,Works,,,,,,,,,,,,,,,,,,
Davis Cup II,USA,Proto,1994-07-28,76F2BED8,Works,,,,,,,,,,,,,,,,,,
Davis Cup II,Europe,Proto,1994-07-10,51C839E7,Works,,,,,,,,,,,,,,,,,,
Davis Cup Tennis ~ Davis Cup World Tour,"USA, Europe",Beta,"June, 1993",7C6B0646,Works,,,,,,,,,,,,,,,,,,
Daze Before Christmas,Australia,Beta,,317C9491,Works,,,,,,,,,,,,,,,,,,
Death Duel,USA,Beta,1992-05-06,2F979365,Works,,,,,,,,,,,,,,,,,,
Demolition Man,"USA, Europe",Beta,,57FFAD7A,Doesn't work,Red Screen on boot,,,,,,,,,,,,,,,,,
Desert Demolition,"USA, Europe",Beta,1994-12-06,D27FE9E5,Doesn't work,,,,,,,,,,,,,,,,,,
Desert Demolition,"USA, Europe",Beta,1994-12-08,69AAEAB6,Works,,,,,,,,,,,,,,,,,,
Desert Demolition,"USA, Europe",Beta,1994-12-12,16F19283,Works,,,,,,,,,,,,,,,,,,
Desert Demolition,"USA, Europe",Beta Alt 1,1994-12-12,5DAD49D7,Doesn't work,,,,,,,,,,,,,,,,,,
Desert Demolition,"USA, Europe",Beta,1994-12-13,375DEE15,Works,,,,,,,,,,,,,,,,,,
Desert Demolition,"USA, Europe",Beta,1994-12-14,39F9F304,Works,,,,,,,,,,,,,,,,,,
Desert Demolition,"USA, Europe",Beta,1994-12-15,5109736A,Works,,,,,,,,,,,,,,,,,,
Desert Demolition,"USA, Europe",Beta,1994-12-16,573FABFB,Works,,,,,,,,,,,,,,,,,,
Desert Demolition,"USA, Europe",Beta,1994-12-19,B0ECE758,Works,,,,,,,,,,,,,,,,,,
Devilish,USA,Beta,1992-01-16,6C8EB5A2,Works,,,,,,,,,,,,,,,,,,
Dexstar,"USA, Europe",Beta,1994-08-12,4371F046,Works,,,,,,,,,,,,,,,,,,
Dexstar,"USA, Europe",Beta,1994-08-26,D0C74FDD,Works,,,,,,,,,,,,,,,,,,
Dominus,USA,Proto,,30006EBD,Works,,,,,,,,,,,,,,,,,,
Double Dragon II - The Revenge,Japan,Beta,1991-10-18,E11F8543,Works,,,,,,,,,,,,,,,,,,
Dr. Robotnik's Mean Bean Machine,USA,Beta,,4D0E5273,Works,,,,,,,,,,,,,,,,,,
Dragon's Lair,USA,Proto,"June, 1994",A33EB522,Works,Runs slowly,,,,,,,,,,,,,,,,,
Dynamite Duke,World,Beta,1990-06-21,7D2CD95C,Works,,,,,,,,,,,,,,,,,,
Dynamite Headdy,Japan,Beta,"April, 1994",5C25E934,Works,,,,,,,,,,,,,,,,,,
Dynamite Headdy,Japan,Beta,1994-06-14,971EF24C,Works,,,,,,,,,,,,,,,,,,
Dynamite Headdy,Japan,Beta,1994-06-16,F8A96719,Works,,,,,,,,,,,,,,,,,,
Dynamite Headdy,"USA, Europe",Beta,1994-06-22,61001EC8,Works,,,,,,,,,,,,,,,,,,
DynoBlaze,USA,Proto,,D625E584,Has problems,"Can't tell if the game is just ugly, or if it is not emulating at 100% accuracy",,,,,,,,,,,,,,,,,
Earnest Evans,USA,Beta,,11475FAC,Works,,,,,,,,,,,,,,,,,,
Earthworm Jim,USA,Beta,1994-07-28,24AA391B,Works,,,,,,,,,,,,,,,,,,
Earthworm Jim 2,Europe,Beta,1995-08-24,F92A931D,Works,Force PAL Version or it will reion lock,,,,,,,,,,,,,,,,,
Ecco - The Tides of Time,USA,Beta Earlier,,8DB60749,Works,,,,,,,,,,,,,,,,,,
Ecco - The Tides of Time,USA,Beta,1994-04-13,B5D64817,Works,,,,,,,,,,,,,,,,,,
Ecco - The Tides of Time,USA,Beta,1994-04-29,5AF83ECB,Works,,,,,,,,,,,,,,,,,,
Ecco Jr.,"USA, Australia",Beta,,3C517975,Works,,,,,,,,,,,,,,,,,,
Ecco the Dolphin,"USA, Europe, Korea",Beta -Rev A,1993-06-29,6FB62649,Works,,,,,,,,,,,,,,,,,,
Escape from Mars Starring Taz,USA,Beta,1994-03-09,E3C2271E,Works,,,,,,,,,,,,,,,,,,
Escape from Mars Starring Taz,USA,Beta,1994-04-18,BFA776EC,Works,,,,,,,,,,,,,,,,,,
Escape from Mars Starring Taz,USA,Beta,1994-05-09,11727086,Works,,,,,,,,,,,,,,,,,,
Escape from Mars Starring Taz,USA,Beta,1994-05-18,6E2666DE,Works,,,,,,,,,,,,,,,,,,
Escape from Mars Starring Taz,USA,Beta,1994-05-23,EA344FD2,Works,,,,,,,,,,,,,,,,,,
Escape from Mars Starring Taz,USA,Beta,1994-06-10,832F4CB4,Works,,,,,,,,,,,,,,,,,,
Escape from Mars Starring Taz,USA,Beta,1994-06-07,3481E709,Works,,,,,,,,,,,,,,,,,,
Escape from Mars Starring Taz,USA,Beta,1994-06-02,39F345C2,Works,,,,,,,,,,,,,,,,,,
Escape from Mars Starring Taz,USA,Beta,1994-06-14,2BADB65B,Works,,,,,,,,,,,,,,,,,,
Escape from Mars Starring Taz,USA,Beta,1994-06-18,3C4B1E9C,Works,,,,,,,,,,,,,,,,,,
Escape from Mars Starring Taz,USA,Beta,1994-06-20,F00F4203,Works,,,,,,,,,,,,,,,,,,
ESPN National Hockey Night,USA,Beta,,A427814A,Works,,,,,,,,,,,,,,,,,,
ESPN Speed World,USA,Beta,,AB12849A,Works,,,,,,,,,,,,,,,,,,
ESPN Sunday Night NFL,USA,Beta,,D13AECDC,Unplayable,Too many sprite issues,,,,,,,,,,,,,,,,,
Eternal Champions,Europe,Beta,,E0665F06,Works,,,,,,,,,,,,,,,,,,
Eternal Champions,"Japan, Korea",Beta,,C486B439,Works,,,,,,,,,,,,,,,,,,
European Club Soccer,Europe,Beta,1991-10-25,4E63F90A,Doesn't work,E4: Shutdown,,,,,,,,,,,,,,,,,
Ex-Ranza,Japan,Beta,,C642FDF4,Has problems,PLayer Control/Transformation seems buggy,,,,,,,,,,,,,,,,,
Exo Squad,USA,Beta,,70EDF964,Works,,,,,,,,,,,,,,,,,,
F-15 Strike Eagle II,USA,Beta,1992-07-13,FD4F5A01,Works,,,,,,,,,,,,,,,,,,
F-15 Strike Eagle II,USA,Sample,,DC5F07BA,Works,,,,,,,,,,,,,,,,,,
F-22 Interceptor,USA,Beta,,D6A880A4,Works,,,,,,,,,,,,,,,,,,
F1 - World Championship Edition,Europe,Beta,,2269ED6B,Works,Downscaled Screen,,,,,,,,,,,,,,,,,
F1 - World Championship Edition,USA,Proto 2,,5A72FCE8,Works,,,,,,,,,,,,,,,,,,
F1 - World Championship Edition,USA,Proto 1,,2613C005,Works,,,,,,,,,,,,,,,,,,
F1 Circus MD,USA,Proto Sega Channel,1991-12-28,CD1A1AD8,Works,,,,,,,,,,,,,,,,,,
Fido Dido,USA,Proto,,C6D4A240,Works,,,,,,,,,,,,,,,,,,
Final Blow,Japan,Beta,1990-01-16,A26E957D,Works,,,,,,,,,,,,,,,,,,
Flash Point,Japan,Proto,,0655074D,Works,,,,,,,,,,,,,,,,,,
Frog Dude,Europe,Proto,,C5E80CE2,Doesn't work,E3 Shutdown; E4 Shutdown,,,,,,,,,,,,,,,,,
Fun Car Rally,USA,Proto,,42E27845,Works,,,,,,,,,,,,,,,,,,
G-LOC - Air Battle,World,Beta,,175C7E63,Works,,,,,,,,,,,,,,,,,,
Gain Ground,Unknown,Beta,1990-07-27,F5C0B45F,Works,This is JU version,,,,,,,,,,,,,,,,,
Gauntlet,Japan,Beta,,7D478079,Works,,,,,,,,,,,,,,,,,,
Gauntlet IV,"USA, Europe",Beta,,F9D60510,Works,,,,,,,,,,,,,,,,,,
Ghostbusters,World,Rev A - Beta,1990-05-01,4FC33173,Works,,,,,,,,,,,,,,,,,,
Gods,USA,Beta,,2C06BB64,Works,,,,,,,,,,,,,,,,,,
Golden Axe,World,Beta,1989-11-22,3E640C09,Works,,,,,,,,,,,,,,,,,,
Golden Axe,World,Beta,1989-10-14,B01B26FF,Works,,,,,,,,,,,,,,,,,,
Golden Axe II,World,Beta,,E62EA1BB,Doesn't work,E4: Please Shutdown,,,,,,,,,,,,,,,,,
Growl,USA,Beta,1991-08-26,AA973DE7,Works,,,,,,,,,,,,,,,,,,
Gunstar Heroes,Japan,Sample,"April, 1993",6F90B502,Works,,,,,,,,,,,,,,,,,,
Hardwired,"USA, Europe",Beta,,A32006C7,Works,,,,,,,,,,,,,,,,,,
High Seas Havoc,USA,Beta,,89418D48,Works,,,,,,,,,,,,,,,,,,
Home Alone,"USA, Europe",Beta,"July, 1992",3A235FB9,Works,,,,,,,,,,,,,,,,,,
"Hybrid Front, The",Japan,Beta,,04F02687,Unplayable,"Game starts, but doesnt seem to get through the startup demo",,,,,,,,,,,,,,,,,
Hyper Dunk - The Playoff Edition,Japan,Beta,"February, 1994",DB124BBB,Works,,,,,,,,,,,,,,,,,,
"Incredible Crash Dummies, The","USA, Europe",Beta,,623A920F,Works,,,,,,,,,,,,,,,,,,
Instruments of Chaos Starring Young Indiana Jones,USA,Beta,"July, 1992",AD6C2050,Works,,,,,,,,,,,,,,,,,,
Instruments of Chaos Starring Young Indiana Jones,USA,Beta,1993-09-23,14443A29,Works,,,,,,,,,,,,,,,,,,
Instruments of Chaos Starring Young Indiana Jones,USA,Beta,1993-12-28,51CA641C,Works,,,,,,,,,,,,,,,,,,
Instruments of Chaos Starring Young Indiana Jones,USA,Beta Alt 1,1993-12-28,F285AD46,Works,,,,,,,,,,,,,,,,,,
Instruments of Chaos Starring Young Indiana Jones,USA,Beta,1993-12-29,94B02351,Works,,,,,,,,,,,,,,,,,,
Instruments of Chaos Starring Young Indiana Jones,USA,Beta,1994-01-01,263F1A4C,Works,,,,,,,,,,,,,,,,,,
Instruments of Chaos Starring Young Indiana Jones,USA,Beta,1994-01-03,3C46D83D,Works,,,,,,,,,,,,,,,,,,
Instruments of Chaos Starring Young Indiana Jones,USA,Beta,1994-01-26,F3498542,Works,,,,,,,,,,,,,,,,,,
Instruments of Chaos Starring Young Indiana Jones,USA,Beta,1994-01-27,F43112C3,Works,,,,,,,,,,,,,,,,,,
It Came from the Desert,USA,Proto,,25AFB4F7,Works,,,,,,,,,,,,,,,,,,
"Itchy & Scratchy Game, The",USA,Proto,,81B7725D,Works,,,,,,,,,,,,,,,,,,
Jelly Boy,Europe,Proto,,7CFADC16,Works,,,,,,,,,,,,,,,,,,
Jesse 'The Body' Ventura - Wrestling Superstars,USA,Proto,1992-03-02,65242680,Works,,,,,,,,,,,,,,,,,,
Jim Power - The Arcade Game,USA,Proto,,1CF3238B,Unplayable,Garbled Screen; Incompatible mapper,,,,,,,,,,,,,,,,,
Judge Dredd,World,Beta,,8D46F4DA,Works,,,,,,,,,,,,,,,,,,
"Jungle Book, The",Europe,Beta,,20B97D87,Works,,,,,,,,,,,,,,,,,,
Jungle Strike,"USA, Europe",Beta,,0CD540D4,Works,,,,,,,,,,,,,,,,,,
Junker's High,Japan,Beta,,23534949,Works,,,,,,,,,,,,,,,,,,
Jurassic Park,USA,Beta,"May, 1993",CF890EED,Works,,,,,,,,,,,,,,,,,,
Jurassic Park - Rampage Edition,"USA, Europe",Beta,1994-06-20,1280FA5C,Doesn't work,Black Screen,,,,,,,,,,,,,,,,,
Jurassic Park - Rampage Edition,"USA, Europe",Beta,1994-06-22,53582F2B,Doesn't work,,,,,,,,,,,,,,,,,,
Jurassic Park - Rampage Edition,"USA, Europe",Beta,1994-06-30,BFF4B396,Works,,,,,,,,,,,,,,,,,,
Jurassic Park - Rampage Edition,"USA, Europe",Beta,1994-07-08,F4C78BD0,Has problems,Some Sprite issues,,,,,,,,,,,,,,,,,
Jurassic Park - Rampage Edition,"USA, Europe",Beta,1994-07-13,8475A105,Works,,,,,,,,,,,,,,,,,,
Jurassic Park - Rampage Edition,"USA, Europe",Beta,1994-07-14,9BF0E28D,Works,,,,,,,,,,,,,,,,,,
Jurassic Park - Rampage Edition,"USA, Europe",Beta,1994-07-15,D2202BE5,Works,,,,,,,,,,,,,,,,,,
Jurassic Park - Rampage Edition,"USA, Europe",Beta,1994-07-17,2EAE6140,Works,,,,,,,,,,,,,,,,,,
Jurassic Park - Rampage Edition,"USA, Europe",Beta,1994-07-18,1A62B826,Works,,,,,,,,,,,,,,,,,,
Kawasaki Superbike Challenge,"USA, Europe",Beta,,55934D1B,Works,,,,,,,,,,,,,,,,,,
Kid Chameleon (Tengen),"USA, Europe",Beta,1991-12-19,2E1F3AA9,Works,,,,,,,,,,,,,,,,,,
Klax (Tengen),"USA, Europe",Beta,1990-06-21,B6B9C758,Doesn't work,Black Screen,,,,,,,,,,,,,,,,,
Kyuukai Douchuuki,Japan,Sega Channel,,CCCAB8AE,Works,,,,,,,,,,,,,,,,,,
Landstalker,USA,Beta,1993-02-24,70483D03,Works,,,,,,,,,,,,,,,,,,
Lethal Enforcers,USA,Beta,1993-08-13,F4010503,Works,,,,,,,,,,,,,,,,,,
Light Crusader,USA,Beta,1995-06-08,E350CCFA,Works,,,,,,,,,,,,,,,,,,
Lobo,USA,Proto,,B5E09338,Works,,,,,,,,,,,,,,,,,,
"Lost Vikings, The",Europe,Beta,,17BED25F,Works,,,,,,,,,,,,,,,,,,
Lotus II,"USA, Europe",Beta,,2997B7D4,Works,,,,,,,,,,,,,,,,,,
Lufia & the Fortress of Doom,USA,Proto,,2B4C3EC1,Unplayable,Too Beta; Collision doesn't match sprites.,,,,,,,,,,,,,,,,,
"Magic School Bus, The - Space Exploration Game",USA,Beta,1995-01-12,946346F9,Works,,,,,,,,,,,,,,,,,,
"Magic School Bus, The - Space Exploration Game",USA,Beta,1995-02-02,7805B5C9,Works,,,,,,,,,,,,,,,,,,
"Magic School Bus, The - Space Exploration Game",USA,Beta,1995-02-17,2B7A88C0,Works,,,,,,,,,,,,,,,,,,
"Magic School Bus, The - Space Exploration Game",USA,Beta,1995-03-07,26C71EB8,Works,,,,,,,,,,,,,,,,,,
"Magic School Bus, The - Space Exploration Game",USA,Beta,1995-04-11,883023BC,Works,,,,,,,,,,,,,,,,,,
"Magic School Bus, The - Space Exploration Game",USA,Beta,1995-03-27,B065DA40,Works,,,,,,,,,,,,,,,,,,
"Magic School Bus, The - Space Exploration Game",USA,Beta,1995-03-31,CD788DEF,Works,,,,,,,,,,,,,,,,,,
"Magic School Bus, The - Space Exploration Game",USA,Beta,1995-03-14,37A6A1AF,Works,,,,,,,,,,,,,,,,,,
"Magic School Bus, The - Space Exploration Game",USA,Beta,1995-04-21,7844B7AD,Works,,,,,,,,,,,,,,,,,,
"Magic School Bus, The - Space Exploration Game",USA,Beta,1995-04-25,B6BD2D87,Works,,,,,,,,,,,,,,,,,,
"Magic School Bus, The - Space Exploration Game",USA,Beta,1995-04-28,9B6BAE87,Works,,,,,,,,,,,,,,,,,,
Marko's Magic Football,Europe,Beta,,0273E564,Works,,,,,,,,,,,,,,,,,,
Master of Monsters,Japan,Beta,1991-04-26,BD1683A8,Works,,,,,,,,,,,,,,,,,,
McDonald's Treasure Land Adventure,Japan,Beta,,7BF477E8,Works,,,,,,,,,,,,,,,,,,
Mega Bomberman - Special 8-Player-Demo,Europe,Proto,,D41C0D81,Works,"This really isnt anything playable, but it Works",,,,,,,,,,,,,,,,,
Michael Jackson's Moonwalker,World,Beta,1990-04-24,DC7ED8C1,Works,,,,,,,,,,,,,,,,,,
Mick & Mack as the Global Gladiators,USA,Beta,,08C2AF21,Works,,,,,,,,,,,,,,,,,,
Mickey Mania - The Timeless Adventures of Mickey Mouse,USA,Beta,"July, 1994",7FC1BDF0,Works,,,,,,,,,,,,,,,,,,
Mickey Mania - The Timeless Adventures of Mickey Mouse,USA,Beta,"September, 1994",BAB821F2,Works,,,,,,,,,,,,,,,,,,
Might and Magic III - Isles of Terra,USA,Proto,,6EF7104A,Unplayable,Randomly locks up on start game screen,,,,,,,,,,,,,,,,,
Mighty Morphin Power Rangers,Europe,Beta,1994-08-10,E79CD214,Works,,,,,,,,,,,,,,,,,,
Mighty Morphin Power Rangers,USA,Beta,1994-07-08,E6916C54,Works,,,,,,,,,,,,,,,,,,
Mighty Morphin Power Rangers,USA,Beta,1994-07-18,5ACCDB1A,Works,,,,,,,,,,,,,,,,,,
Mighty Morphin Power Rangers,USA,Beta,1994-08-04,F3AE5AAF,Works,,,,,,,,,,,,,,,,,,
Mighty Morphin Power Rangers,USA,Beta,1994-08-08,57644549,Works,,,,,,,,,,,,,,,,,,
Mighty Morphin Power Rangers,USA,Beta,1994-08-09,4356FE0A,Works,,,,,,,,,,,,,,,,,,
Mighty Morphin Power Rangers - The Movie,USA,Beta,1995-07-13,227BF7FD,Works,,,,,,,,,,,,,,,,,,
Mighty Morphin Power Rangers - The Movie,USA,Beta,1995-07-17,579DE657,Works,,,,,,,,,,,,,,,,,,
Mighty Morphin Power Rangers - The Movie,USA,Beta,1995-07-22,C2CA3A8B,Works,,,,,,,,,,,,,,,,,,
Mighty Morphin Power Rangers - The Movie,USA,Beta,1995-07-24,3429FA3A,Works,,,,,,,,,,,,,,,,,,
Mondu's Fight Palace,USA,Beta,1990-07-03,754188F9,Works,,,,,,,,,,,,,,,,,,
Monopoly,USA,Beta,,DFBCC3FA,Works,,,,,,,,,,,,,,,,,,
Mortal Kombat,"USA, Europe",Beta -Rev A,,33F19AB6,Works,,,,,,,,,,,,,,,,,,
Mortal Kombat,World,Beta,,64B33A87,Doesn't work,Black Screen,,,,,,,,,,,,,,,,,
Mr. Nutz - Hoppin' Mad,Europe,Proto,,2BFCAA3E,Works,,,,,,,,,,,,,,,,,,
Muhammad Ali Heavyweight Boxing,USA,Beta,,7B852653,Works,,,,,,,,,,,,,,,,,,
Mystic Defender,"USA, Europe",Beta,1989-09-14,5AC0D238,Works,,,,,,,,,,,,,,,,,,
NBA Action,USA,Beta,1994-01-04,2491DF2F,Doesn't work,Black Screen,,,,,,,,,,,,,,,,,
NBA Action,USA,Beta,1994-01-16,FE43C79D,Works,,,,,,,,,,,,,,,,,,
NBA Action '95 Starring David Robinson,"USA, Europe",Beta,1994-11-18,2D411E4B,Works,,,,,,,,,,,,,,,,,,
NBA Action '95 Starring David Robinson,"USA, Europe",Beta,1994-11-23,4650CFCC,Works,,,,,,,,,,,,,,,,,,
NBA Action '95 Starring David Robinson,"USA, Europe",Beta,1994-12-02,04BF6F6E,Works,,,,,,,,,,,,,,,,,,
NBA Action '95 Starring David Robinson,"USA, Europe",Beta,1994-12-09,2B198487,Works,,,,,,,,,,,,,,,,,,
NBA Action '95 Starring David Robinson,"USA, Europe",Beta,1994-12-15,10A3B46D,Works,,,,,,,,,,,,,,,,,,
NBA Action '95 Starring David Robinson,"USA, Europe",Beta,1994-12-22,F92BA323,Works,,,,,,,,,,,,,,,,,,
NBA Action '95 Starring David Robinson,"USA, Europe",Beta,1994-12-24,DDB04550,Works,,,,,,,,,,,,,,,,,,
NBA Action '95 Starring David Robinson,"USA, Europe",Beta,1994-12-29,DCEBE32A,Works,,,,,,,,,,,,,,,,,,
NBA Action '95 Starring David Robinson,"USA, Europe",Beta,1994-12-30,D87956C9,Works,,,,,,,,,,,,,,,,,,
NBA Action '95 Starring David Robinson,"USA, Europe",Beta,1994-12-31,582A378F,Works,,,,,,,,,,,,,,,,,,
NBA Action '95 Starring David Robinson,"USA, Europe",Beta,1995-01-03,374AF160,Works,,,,,,,,,,,,,,,,,,
NBA Action '95 Starring David Robinson,"USA, Europe",Beta,1995-01-08,0A6B7B9E,Works,,,,,,,,,,,,,,,,,,
NBA Action '95 Starring David Robinson,"USA, Europe",Beta,1995-01-12,B47FF025,Works,,,,,,,,,,,,,,,,,,
NBA Action '95 Starring David Robinson,"USA, Europe",Beta,1995-01-15,9C6A1F27,Works,,,,,,,,,,,,,,,,,,
NBA Action '95 Starring David Robinson,"USA, Europe",Beta,1995-01-21,E337BDFB,Works,,,,,,,,,,,,,,,,,,
NBA Action '95 Starring David Robinson,"USA, Europe",Beta,1995-01-22,7BD7CA47,Works,,,,,,,,,,,,,,,,,,
NBA Action '95 Starring David Robinson,"USA, Europe",Beta,1995-01-18,C4A0A624,Works,,,,,,,,,,,,,,,,,,
NBA Action '95 Starring David Robinson,"USA, Europe",Beta,1995-01-24,15ABCF41,Works,,,,,,,,,,,,,,,,,,
NBA Action '95 Starring David Robinson,"USA, Europe",Beta,1995-01-27,EF7F608B,Works,,,,,,,,,,,,,,,,,,
NBA Action '95 Starring David Robinson,"USA, Europe",Beta Alt 1,1995-01-27,79C7FB00,Works,,,,,,,,,,,,,,,,,,
NBA Action '95 Starring David Robinson,"USA, Europe",Beta,1995-01-28,57C2C69C,Works,,,,,,,,,,,,,,,,,,
NBA Action '95 Starring David Robinson,"USA, Europe",Beta Alt 1,1995-01-28,97D7075D,Works,,,,,,,,,,,,,,,,,,
NBA Action '95 Starring David Robinson,"USA, Europe",Beta,1995-01-30,2FAC80B2,Works,,,,,,,,,,,,,,,,,,
NBA Action '95 Starring David Robinson,"USA, Europe",Beta,1995-02-01,2C02A79D,Works,,,,,,,,,,,,,,,,,,
NBA Jam,"USA, Europe",Beta,"April, 1993",E35F7EEE,Works,,,,,,,,,,,,,,,,,,
NFL '95,USA,Beta,1994-08-01,5A57EA4E,Works,,,,,,,,,,,,,,,,,,
NFL '95,USA,Beta,1994-08-05,88D51773,Works,,,,,,,,,,,,,,,,,,
NFL '95,USA,Beta,1994-08-10,A3C5710B,Works,,,,,,,,,,,,,,,,,,
NFL '95,USA,Beta,1994-08-12,CC86A259,Works,,,,,,,,,,,,,,,,,,
NFL '95,USA,Beta,1994-08-17,A6015C29,Works,,,,,,,,,,,,,,,,,,
NFL '95,USA,Beta Alt 1,1994-08-17,655966C8,Works,,,,,,,,,,,,,,,,,,
NFL '95,USA,Beta,1994-08-22,B01434E5,Works,,,,,,,,,,,,,,,,,,
NFL '95,USA,Beta,1994-08-30,D0E0A436,Works,,,,,,,,,,,,,,,,,,
NFL '95,USA,Beta,1994-08-31,C360521E,Works,,,,,,,,,,,,,,,,,,
NFL '95,USA,Beta,1994-09-01,9240FCAA,Works,,,,,,,,,,,,,,,,,,
NFL '95,USA,Beta,1994-09-02,FF049A49,Works,,,,,,,,,,,,,,,,,,
NFL '95,USA,Beta,1994-09-04,60604D40,Works,,,,,,,,,,,,,,,,,,
NFL '95,USA,Beta,1994-09-05,123985A5,Works,,,,,,,,,,,,,,,,,,
NFL '95,USA,Beta Alt 1,1994-09-05,DBDF61AC,Works,,,,,,,,,,,,,,,,,,
NFL '95,USA,Beta,1994-09-06,624B8699,Works,,,,,,,,,,,,,,,,,,
NFL '95,USA,Beta,1994-09-07,AE8AA4BE,Works,,,,,,,,,,,,,,,,,,
NFL '95,USA,Beta,1994-09-08,22C5E289,Works,,,,,,,,,,,,,,,,,,
NFL '95,USA,Beta,1994-09-09,55DF1066,Works,,,,,,,,,,,,,,,,,,
NFL '95,USA,Beta,1994-09-11,111AC6A0,Works,,,,,,,,,,,,,,,,,,
NFL '95,USA,Beta Alt 1,1994-09-11,21614C4F,Works,,,,,,,,,,,,,,,,,,
NFL '95,USA,Beta Alt 1,1994-08-12,3D23633B,Works,,,,,,,,,,,,,,,,,,
NHL All-Star Hockey 95,USA,Beta,1994-09-14,5D4BC48D,Works,,,,,,,,,,,,,,,,,,
NHL All-Star Hockey 95,USA,Beta,1994-09-29,96BAE44F,Works,,,,,,,,,,,,,,,,,,
NHL All-Star Hockey 95,USA,Beta,1994-10-01,B1C0FBB2,Works,,,,,,,,,,,,,,,,,,
NHL All-Star Hockey 95,USA,Beta,1994-10-21,17EB2238,Works,,,,,,,,,,,,,,,,,,
NHL All-Star Hockey 95,USA,Beta,1994-11-07,E8F2C88F,Works,,,,,,,,,,,,,,,,,,
NHL All-Star Hockey 95,USA,Beta,1994-11-09,82624073,Works,,,,,,,,,,,,,,,,,,
NHL All-Star Hockey 95,USA,Beta,1994-11-19,CD0F588A,Works,,,,,,,,,,,,,,,,,,
NHL All-Star Hockey 95,USA,Beta,1994-11-21,CFE4059D,Works,,,,,,,,,,,,,,,,,,
NHL All-Star Hockey 95,USA,Beta,1994-11-22,81D30FE6,Works,,,,,,,,,,,,,,,,,,
NHL All-Star Hockey 95,USA,Beta,1994-11-23,88D4FC38,Works,,,,,,,,,,,,,,,,,,
NHL All-Star Hockey 95,USA,Beta,1994-11-27,658FFE52,Works,,,,,,,,,,,,,,,,,,
NHL All-Star Hockey 95,USA,Beta,1994-11-28,51AD0056,Works,,,,,,,,,,,,,,,,,,
NHL All-Star Hockey 95,USA,Beta,1994-11-29,A060A60B,Works,,,,,,,,,,,,,,,,,,
NHL All-Star Hockey 95,USA,Beta,1994-12-01,C209D720,Works,,,,,,,,,,,,,,,,,,
NHL All-Star Hockey 95,USA,Beta Alt 1,1994-12-01,112E4CB3,Works,,,,,,,,,,,,,,,,,,
NHLPA Hockey 93,USA,Beta -Rev A,,93E509EA,Doesn't work,Locks up on Start-up Logo,,,,,,,,,,,,,,,,,
Nightmare Circus,Brazil,Beta,"February, 1996",31DE5A94,Works,,,,,,,,,,,,,,,,,,
Nightmare Circus,Brazil,Beta,"July, 1995",EE96F1B8,Works,,,,,,,,,,,,,,,,,,
Ninja Burai Densetsu,Japan,Beta,1991-05-28,49089471,Works,,,,,,,,,,,,,,,,,,
Ninja Gaiden,Japan,Proto,,0D7F74BA,Has problems,First level lopps forever,,,,,,,,,,,,,,,,,
"Ooze, The",Europe,Beta,1995-07-28,7CF868E7,Works,Force Europe (PAL) Header,,,,,,,,,,,,,,,,,
"Ooze, The",USA,Beta,1995-06-15,921106FD,Works,Force USA (NTSC) Header,,,,,,,,,,,,,,,,,
"Ooze, The",USA,Beta,1995-06-19,FA39281D,Works,,,,,,,,,,,,,,,,,,
"Ooze, The",USA,Beta,1995-06-22,CE1F139F,Works,,,,,,,,,,,,,,,,,,
"Ooze, The",USA,Beta,1995-06-26,70419442,Works,,,,,,,,,,,,,,,,,,
"Ooze, The",USA,Beta,1995-06-29,CA93E93B,Works,,,,,,,,,,,,,,,,,,
"Ooze, The",USA,Beta Alt 1,1995-06-29,1776763B,Works,,,,,,,,,,,,,,,,,,
"Ottifants, The",Europe,Beta,,C6E3DD23,Works,,,,,,,,,,,,,,,,,,
Out of this World,USA,Beta,,3AAD905A,Works,,,,,,,,,,,,,,,,,,
Outlander,USA,Beta,,C5BA7BBF,Works,,,,,,,,,,,,,,,,,,
OutRun 2019,USA,Beta,,D2ECDDFA,Works,,,,,,,,,,,,,,,,,,
"Pagemaster, The",USA,Beta,,E0A3385A,Works,,,,,,,,,,,,,,,,,,
Panorama Cotton,Japan,Beta,1993-11-27,54D82F86,Doesn't work,E3: Please shutdown,,,,,,,,,,,,,,,,,
Paperboy,"USA, Europe",Beta,1991-10-28,9856D9EA,Works,,,,,,,,,,,,,,,,,,
Pat Riley Basketball,USA,Beta,1990-06-14,00F4C7CC,Works,,,,,,,,,,,,,,,,,,
Pele!,"USA, Europe",Beta,,D2BBB00E,Works,2 players,,,,,,,,,,,,,,,,,
Phantasy Star II,"USA, Europe",Beta,1989-07-28,B034C46E,Works,,,,,,,,,,,,,,,,,,
Phantasy Star IV,USA,Sample,,1C82E0E3,Works,,,,,,,,,,,,,,,,,,
Phantasy Star IV,USA,Beta,1994-05-30,B32B17E1,Works,,,,,,,,,,,,,,,,,,
Phantasy Star IV,USA,Beta,1994-06-08,DC2E1C0A,Works,,,,,,,,,,,,,,,,,,
Phantasy Star IV,USA,Beta,1994-08-15,60137F25,Works,,,,,,,,,,,,,,,,,,
Phantasy Star IV,USA,Beta,1994-10-27,12A2590A,Works,,,,,,,,,,,,,,,,,,
Phantasy Star IV,USA,Beta,1994-11-07,BDA29CDF,Doesn't work,Black screen,,,,,,,,,,,,,,,,,
Pink Goes to Hollywood,"USA, Europe",Beta,,56087CFF,Works,,,,,,,,,,,,,,,,,,
Pirates! Gold,USA,Beta 2,,0A525641,Works,,,,,,,,,,,,,,,,,,
Pirates! Gold,USA,Beta 1,,F61E5417,Works,,,,,,,,,,,,,,,,,,
Pit-Fighter,World,Beta,,1E0E0831,Works,,,,,,,,,,,,,,,,,,
Primal Rage Showdown,USA,Demo Sega Channel,1995-08-26,C9E3F2DC,Works,,,,,,,,,,,,,,,,,,
Prince of Persia,Europe,Beta 2,,505314B6,Works,,,,,,,,,,,,,,,,,,
Prince of Persia,Europe,Beta 1,,425E6A87,Works,,,,,,,,,,,,,,,,,,
Prince of Persia 2 - The Shadow and the Flame,Europe,Proto,,3AB44D46,Works,,,,,,,,,,,,,,,,,,
Psycho Pinball,Europe,Beta,,F29A5532,Works,,,,,,,,,,,,,,,,,,
Puggsy,USA,Beta v0.1,,E13ED54E,Has problems,Parallax backgrounds appear/disappear in wired ways,,,,,,,,,,,,,,,,,
Putty Squad,Europe,Proto,,2348DA80,Works,,,,,,,,,,,,,,,,,,
R.B.I. Baseball 3,USA,Beta,1991-07-18,D0430946,Doesn't work,Black screen,,,,,,,,,,,,,,,,,
"Ren & Stimpy Show Presents, The - Stimpy's Invention",USA,Beta,,FCB86336,Works,,,,,,,,,,,,,,,,,,
Resq,Europe,Proto,,558E35E0,Works,,,,,,,,,,,,,,,,,,
"Revenge of Shinobi, The","USA, Europe",Beta Rev B,1990-02-01,E488EB46,Works,,,,,,,,,,,,,,,,,,
Richard Scarry's Busytown,USA,Beta,1994-07-21,1E92D6FF,Works,,,,,,,,,,,,,,,,,,
Richard Scarry's Busytown,USA,Beta,1994-08-09,C48CBC30,Works,,,,,,,,,,,,,,,,,,
Richard Scarry's Busytown,USA,Beta,1994-08-15,650ED917,Works,,,,,,,,,,,,,,,,,,
Richard Scarry's Busytown,USA,Beta,1994-08-17,3B9C3F4A,Works,,,,,,,,,,,,,,,,,,
Richard Scarry's Busytown,USA,Beta,1994-08-25,A0C013BA,Works,,,,,,,,,,,,,,,,,,
Richard Scarry's Busytown,USA,Beta,1994-08-26,760CFF62,Works,,,,,,,,,,,,,,,,,,
Richard Scarry's Busytown,USA,Beta Alt 1,1994-08-26,1AD270F3,Works,,,,,,,,,,,,,,,,,,
Ristar,"USA, Europe",Beta Later,,9700139B,Works,,,,,,,,,,,,,,,,,,
Ristar - The Shooting Star,Japan,Beta,1994-07-01,7C5C7A0A,Works,,,,,,,,,,,,,,,,,,
Ristar - The Shooting Star,Japan,Beta,1994-07-18,6BECCCC9,Works,,,,,,,,,,,,,,,,,,
Road Rash 3,"USA, Europe",Beta,1994-11-19,B6626083,Works,,,,,,,,,,,,,,,,,,
RoadBlasters,USA,Beta,1991-06-27,E4EF86B9,Works,,,,,,,,,,,,,,,,,,
RoboCop versus The Terminator,Europe,Beta,1993-07-27,2487049F,Works,,,,,,,,,,,,,,,,,,
RoboCop versus The Terminator,USA,Beta,1993-04-30,ECEBFF29,Works,,,,,,,,,,,,,,,,,,
Robot Wreckage,USA,Beta,"July, 1993",C67DDB14,Works,,,,,,,,,,,,,,,,,,
Rocket Knight Adventures,USA,Sample,1993-06-15,9CBEE37B,Works,,,,,,,,,,,,,,,,,,
Same! Same! Same!,Japan,Beta,1990-07-30,6FD46DC2,Has problems,No sound,,,,,,,,,,,,,,,,,
Scrabble,Europe,Proto,,360B2610,Works,,,,,,,,,,,,,,,,,,
Sensible Soccer,Europe,Beta,,EF52664D,Doesn't work,Force PAL Region or it will region lock; Even with PAL fix it Region locks,,,,,,,,,,,,,,,,,
Shadow Dancer - The Secret of Shinobi,World,Beta,1990-10-02,8497CD8D,Doesn't work,E4: Please Shutdown,,,,,,,,,,,,,,,,,
Shadowrun,USA,Beta,1993-12-28,2455ADD2,Works,,,,,,,,,,,,,,,,,,
Shadowrun,USA,Beta,1993-12-31,BBB5E2FA,Works,,,,,,,,,,,,,,,,,,
Shadowrun,USA,Beta,1994-01-25,6E2BBCA8,Works,,,,,,,,,,,,,,,,,,
Shadowrun,USA,Beta Alt 1,1994-01-25,2A964BCD,Works,,,,,,,,,,,,,,,,,,
Shanghai II - Dragon's Eye,USA,Beta,,154ACA2D,Works,,,,,,,,,,,,,,,,,,
Shin Souseiki Ragnacenty,Japan,Beta,,43797455,Has problems,No sound,,,,,,,,,,,,,,,,,
Shining Force,USA,Beta,,CE67143A,Works,,,,,,,,,,,,,,,,,,
Shining Force II,USA,Beta,1994-04-04,5843670C,Works,,,,,,,,,,,,,,,,,,
Shining Force II,USA,Beta,1994-06-07,03B68BBA,Works,,,,,,,,,,,,,,,,,,
Shinobi,World,Demo,,296CB0C8,Works,,,,,,,,,,,,,,,,,,
Shinobi III - Return of the Ninja Master,USA,Beta,1993-06-29,ED32899A,Works,,,,,,,,,,,,,,,,,,
Ship,World,Demo,,4CDC9F16,Works,,,,,,,,,,,,,,,,,,
Slam - Shaq vs. the Legends,USA,Proto,,C19C200E,Doesn't work,Black screen,,,,,,,,,,,,,,,,,
Sol-Deace,USA,Sega Channel,1992-02-03,A7994615,Works,,,,,,,,,,,,,,,,,,
Sonic & Knuckles,World,Beta,1994-05-25,8E8DADD0,Works,,,,,,,,,,,,,,,,,,
Sonic & Knuckles,World,Beta,1994-06-06,03A52F63,Works,,,,,,,,,,,,,,,,,,
Sonic & Knuckles,World,Beta,1994-06-08,7A6C1317,Works,,,,,,,,,,,,,,,,,,
Sonic & Knuckles,World,Beta,1994-06-10,7092F368,Works,,,,,,,,,,,,,,,,,,
Sonic & Knuckles,World,Beta,1994-06-12,B0A253E8,Works,,,,,,,,,,,,,,,,,,
Sonic & Knuckles,World,Beta,1994-06-18,2615F5DC,Works,,,,,,,,,,,,,,,,,,
Sonic & Knuckles,World,Beta,1994-06-19,1EA5B9D1,Works,,,,,,,,,,,,,,,,,,
Sonic & Knuckles + Sonic The Hedgehog 2,World,Beta,1994-05-24,8878C1A8,Doesn't work,Black Screen,,,,,,,,,,,,,,,,,
Sonic 3D Blast,"USA, Europe, Korea",Beta,1996-08-19,2C43F43A,Works,,,,,,,,,,,,,,,,,,
Sonic 3D Blast,"USA, Europe, Korea",Beta,1996-07-03,93B75E99,Works,,,,,,,,,,,,,,,,,,
Sonic 3D Blast,"USA, Europe, Korea",Beta,1996-08-14,D64E7675,Works,,,,,,,,,,,,,,,,,,
Sonic 3D Blast,"USA, Europe, Korea",Beta,1996-08-25,465BCFBD,Works,,,,,,,,,,,,,,,,,,
Sonic 3D Blast,"USA, Europe, Korea",Beta,1996-08-30,57640422,Works,,,,,,,,,,,,,,,,,,
Sonic 3D Blast,"USA, Europe, Korea",Beta,1996-08-31,5933E453,Works,,,,,,,,,,,,,,,,,,
Sonic 3D Blast,"USA, Europe, Korea",Beta,1996-09-04,2F2A4271,Works,,,,,,,,,,,,,,,,,,
Sonic Crackers,Japan,Proto,"July, 1994",7FADA88D,Works,,,,,,,,,,,,,,,,,,
Sonic Spinball,USA,Beta,,E9960371,Doesn't work,Says it's for NTSC consoles only but when forced to be NTSC makes the mini lock up,,,,,,,,,,,,,,,,,
Sonic The Hedgehog 2,World,Beta 1,"June, 1992",39FAAA70,Works,,,,,,,,,,,,,,,,,,
Sonic The Hedgehog 2,World,Beta 2,"July, 1992",EEA21B5C,Has problems,No Audio,,,,,,,,,,,,,,,,,
Sonic The Hedgehog 2,World,Beta 4,1992-09-18,8FDA5CC5,Works,,,,,,,,,,,,,,,,,,
Sonic The Hedgehog 2,World,Beta 5,1992-09-21,066B9A89,Works,,,,,,,,,,,,,,,,,,
Sonic The Hedgehog 2,World,Beta 6,1992-09-22,CB036E6C,Works,,,,,,,,,,,,,,,,,,
Sonic The Hedgehog 2,World,Beta 7,1992-09-24,DC7BE12C,Works,,,,,,,,,,,,,,,,,,
Sonic The Hedgehog 2,World,Beta 8,1992-09-24,6089FADD,Works,,,,,,,,,,,,,,,,,,
Sonic The Hedgehog 2,World,Beta 3,,5667ECED,Works,,,,,,,,,,,,,,,,,,
Sonic the Hedgehog 3,World,Proto,1993-11-13,E4A16A49,Works,,,,,,,,,,,,,,,,,,
Sonic the Hedgehog 3 Limited Edition,Japan,Proto 3,1994-05-17,766C4B81,Works,,,,,,,,,,,,,,,,,,
Sonic the Hedgehog 3 Limited Edition,Japan,Proto,1994-04-08,59D23DF5,Works,,,,,,,,,,,,,,,,,,
Sorcer Kingdom,Japan,Beta,1991-11-08,3DBC3130,Works,,,,,,,,,,,,,,,,,,
Space Harrier II,Japan,Launch Cart,,EDC0FB28,Works,,,,,,,,,,,,,,,,,,
Speedball 2 - Brutal Deluxe,USA,Beta,1991-06-07,13C803B7,Works,,,,,,,,,,,,,,,,,,
Spider-Man (Acclaim),"USA, Europe",Beta,1994-12-12,B88A710D,Works,,,,,,,,,,,,,,,,,,
Spider-Man (Acclaim),"USA, Europe",Beta,"August, 1994",83E1FE76,Doesn't work,Garbled Screen,,,,,,,,,,,,,,,,,
Spirou,Europe,Beta,,51BC6C35,Works,Downscaled Screen,,,,,,,,,,,,,,,,,
Splatterhouse 2,USA,Sega Channel,1992-03-02,ED64CE8C,Works,,,,,,,,,,,,,,,,,,
Star Odyssey,USA,Beta,1992-01-16,FBBD7EF4,Works,,,,,,,,,,,,,,,,,,
Star Trek - The Next Generation,USA,Beta,1993-12-28,3BA670F9,Works,,,,,,,,,,,,,,,,,,
Star Trek - The Next Generation,USA,Beta,1993-12-29,316BBC43,Works,,,,,,,,,,,,,,,,,,
Star Trek - The Next Generation,USA,Beta,1994-01-03,CAC86B68,Works,,,,,,,,,,,,,,,,,,
Star Trek - The Next Generation,USA,Beta,1994-01-10,D138CA3E,Works,,,,,,,,,,,,,,,,,,
Star Trek - The Next Generation,USA,Beta,1994-01-18,D8DAB97A,Works,,,,,,,,,,,,,,,,,,
Star Trek - The Next Generation,USA,Beta,1994-01-25,63F29E6F,Works,,,,,,,,,,,,,,,,,,
Stargate,"USA, Europe",Beta,,8DC8AB23,Works,,,,,,,,,,,,,,,,,,
Stargate (NGen),"USA, Europe",Sample,,51946EA9,Works,,,,,,,,,,,,,,,,,,
Steel Empire,USA,Sega Channel,1992-03-13,097F6440,Works,"Epilisy Warning, maybe",,,,,,,,,,,,,,,,,
Steel Talons,"USA, Europe",Beta,,C4052F18,Doesn't work,Locks up after level start,,,,,,,,,,,,,,,,,
Stone Protectors,USA,Proto,,FBF0D54F,Works,,,,,,,,,,,,,,,,,,
"Story of Thor, The",Unknown,Beta,"July, 1994",BFC11649,Works,,,,,,,,,,,,,,,,,,
"Story of Thor, The",Europe,Beta,1994-10-04,9E486F91,Works,,,,,,,,,,,,,,,,,,
"Story of Thor, The",Europe,Beta,1994-10-17,AA43D34A,Works,,,,,,,,,,,,,,,,,,
Street Smart,"Japan, USA",Beta,1990-06-29,D1DE6A2E,Doesn't work,E4: Please Shutdown,,,,,,,,,,,,,,,,,
Streets of Rage 3,USA,Beta -Rev A,1994-03-28,8757F797,Works,,,,,,,,,,,,,,,,,,
Streets of Rage 3,USA,Beta,1994-03-08,EA50B551,Works,,,,,,,,,,,,,,,,,,
Streets of Rage 3,USA,Beta,1994-03-17,39AD962B,Doesn't work,Black Screen after level 1 start,,,,,,,,,,,,,,,,,
Streets of Rage 3,USA,Beta,1994-03-18,60142484,Works,,,,,,,,,,,,,,,,,,
Streets of Rage 3,USA,Beta -Rev A,1994-04-01,797E75B7,Works,,,,,,,,,,,,,,,,,,
Streets of Rage 3,USA,Beta -Rev A,1994-04-04,6B968F13,Works,,,,,,,,,,,,,,,,,,
Streets of Rage 3,USA,Beta -Rev A,1994-04-08,D4BA76C2,Works,,,,,,,,,,,,,,,,,,
Streets of Rage 3,USA,Beta -Rev A,1994-04-11,FA5E5A82,Works,,,,,,,,,,,,,,,,,,
Streets of Rage 3,USA,Beta -Rev A,1994-04-12,3F52CB72,Works,,,,,,,,,,,,,,,,,,
Streets of Rage 3,USA,Beta -Rev A,1994-04-13,6B675807,Works,,,,,,,,,,,,,,,,,,
Streets of Rage 3,Europe,Beta,1994-04-12,A17CE5AB,Works,,,,,,,,,,,,,,,,,,
Streets of Rage 3,Europe,Beta,1994-04-13,164E42AE,Works,,,,,,,,,,,,,,,,,,
Streets of Rage 3,Europe,Beta,1994-04-15,C64F1E6B,Works,,,,,,,,,,,,,,,,,,
Streets of Rage 3,Europe,Beta,1994-04-20,6AE4BD8E,Works,,,,,,,,,,,,,,,,,,
Streets of Rage 3,Europe,Beta,1994-04-25,7033878A,Works,,,,,,,,,,,,,,,,,,
Striker,Europe,Beta,"February, 1994",C10B270E,Doesn't work,,,,,,,,,,,,,,,,,,
Sub-Terrania,USA,Beta,"October, 1993",3A1022D1,Works,,,,,,,,,,,,,,,,,,
Sub-Terrania,Unknown,Beta,"July, 1993",9C13D25C,Works,,,,,,,,,,,,,,,,,,
Sub-Terrania,Asia,Beta,1994-02-02,B368E394,Works,,,,,,,,,,,,,,,,,,
Super Hang-On,World,Beta Sega Channel,1989-08-18,B6EAE5C4,Works,,,,,,,,,,,,,,,,,,
Super Hydlide,USA,Beta,1989-10-16,52E717AC,Works,,,,,,,,,,,,,,,,,,
"Super Shinobi II, The",Japan,Beta 2,,C47E8AEA,Works,,,,,,,,,,,,,,,,,,
"Super Shinobi II, The",Japan,Beta 1,,1EE5BCE3,Has problems,crashes mid first level,,,,,,,,,,,,,,,,,
"Super Shinobi, The",Japan,Beta Sega Smash Pack,1989,FA1B8AEB,Works,,,,,,,,,,,,,,,,,,
"Super Shinobi, The",Japan,Beta Sega Channel,1989-08-21,370253D8,Works,,,,,,,,,,,,,,,,,,
Super Skidmarks,Europe,Beta,,A61A0F0C,Doesn't work,"Black screen; With a name like super skidmarks, are you surprised?",,,,,,,,,,,,,,,,,
Super Thunder Blade (Launch Cart),Japan,Launch Cart,,8BD77836,Works,,,,,,,,,,,,,,,,,,
Superman,USA,Beta,,5CD0E1D4,Works,,,,,,,,,,,,,,,,,,
Swamp Thing,USA,Proto,,82013EF6,Works,,,,,,,,,,,,,,,,,,
Sylvester & Tweety in Cagey Capers,"USA, Europe",Beta,,9D9C786B,Works,,,,,,,,,,,,,,,,,,
T2 - The Arcade Game,USA,Beta,"August, 1992",94255703,Works,,,,,,,,,,,,,,,,,,
Tanglewood,World,0.9.37,,9CC94381,Works,,,,,,,,,,,,,,,,,,
Target Earth,USA,Beta,1990-02-16,EBAA609D,Doesn't work,E4:Please Shutdown,,,,,,,,,,,,,,,,,
Taz-Mania,World,Beta,,1415B80F,Works,,,,,,,,,,,,,,,,,,
Technocop,USA,Beta,"September, 1990",059AC8FB,Works,,,,,,,,,,,,,,,,,,
Technocop,USA,Beta,1990-09-12,F06ED8CA,Works,,,,,,,,,,,,,,,,,,
Tecmo Super Bowl,USA,Beta,,21F27D34,Works,,,,,,,,,,,,,,,,,,
"Terminator, The",USA,Beta,1992-04-14,7350A152,Works,,,,,,,,,,,,,,,,,,
Thunder Force III,"Japan, USA",Beta,1990-08-01,2B5C2063,Works,,,,,,,,,,,,,,,,,,
Time Trax,USA,Proto,,DFF045EB,Works,Downscaled image,,,,,,,,,,,,,,,,,
ToeJam & Earl in Panic on Funkotron,USA,Beta,"August, 1993",C6A1A8DC,Works,,,,,,,,,,,,,,,,,,
Tom and Jerry - Frantic Antics!,USA,Beta,,B9992E1C,Works,,,,,,,,,,,,,,,,,,
Tom Mason's Dinosaurs for Hire,USA,Beta,1993-04-26,54C77D3E,Works,,,,,,,,,,,,,,,,,,
Tom Mason's Dinosaurs for Hire,USA,Beta,1993-04-27,16000453,Works,,,,,,,,,,,,,,,,,,
Tom Mason's Dinosaurs for Hire,USA,Beta,1993-05-02,8954DEE9,Works,,,,,,,,,,,,,,,,,,
Tommy Lasorda Baseball,USA,Beta,1989-04-30,AA3965DB,Works,,,,,,,,,,,,,,,,,,
Traysia,USA,Beta,1992-01-22,DAA83CB5,Works,,,,,,,,,,,,,,,,,,
Trouble Shooter,USA,Beta,1991-09-12,4AB3033C,Works,,,,,,,,,,,,,,,,,,
Turbo OutRun,"Japan, Europe",Beta,1991-12-09,2A7F2B36,Works,,,,,,,,,,,,,,,,,,
Twisted Flipper,USA,Beta,,6DD47554,Works,,,,,,,,,,,,,,,,,,
Two Crude Dudes,USA,Beta,1991-11-24,4BA361A7,Works,,,,,,,,,,,,,,,,,,
Ultimate Soccer,Europe,Beta,,9D451F72,Doesn't work,E3: Please shutdown,,,,,,,,,,,,,,,,,
Valis,USA,Beta,1991-10-25,74A133A8,Works,,,,,,,,,,,,,,,,,,
Vapor Trail,USA,Beta,1991-05-26,2634BDBD,Works,,,,,,,,,,,,,,,,,,
Vectorman,USA,Beta 2,,A315C8AA,Works,,,,,,,,,,,,,,,,,,
Vectorman,USA,Beta 3,1995-07-24,0145738B,Works,,,,,,,,,,,,,,,,,,
Vectorman,USA,Beta 1,,2084D3DA,Works,,,,,,,,,,,,,,,,,,
Vectorman 2,USA,Beta,"August, 1995",ADA2B0EF,Works,,,,,,,,,,,,,,,,,,
Vectorman 2,USA,Sample,1996-08-28,B9C79DC9,Works,,,,,,,,,,,,,,,,,,
Vectorman 2,USA,Beta,1996-08-15,998B087C,Works,,,,,,,,,,,,,,,,,,
Vectorman 2,USA,Beta,1996-08-16,2986E5CE,Works,,,,,,,,,,,,,,,,,,
Vectorman 2,USA,Beta,1996-08-19,49EFAB7E,Works,,,,,,,,,,,,,,,,,,
Vectorman 2,USA,Beta,1996-08-26,EB8124C8,Works,,,,,,,,,,,,,,,,,,
Vectorman 2,USA,Beta,1996-08-27,6333D89A,Works,,,,,,,,,,,,,,,,,,
Viewpoint,USA,Beta,"August, 1994",DECD238F,Works,Downscale image,,,,,,,,,,,,,,,,,
Viewpoint,USA,Beta,1994-07-22,D13FB892,Works,Lags a bit,,,,,,,,,,,,,,,,,
Virtua Fighter 2,"USA, Europe",Beta,1996-08-19,C5EE3974,Works,,,,,,,,,,,,,,,,,,
Virtua Fighter 2,"USA, Europe",Beta,1996-08-30,6A0F3A7B,Works,,,,,,,,,,,,,,,,,,
Virtua Fighter 2,"USA, Europe",Beta,1996-09-13,FA5BAD91,Works,,,,,,,,,,,,,,,,,,
Virtua Fighter 2,"USA, Europe",Beta,1996-09-20,AF516DAD,Works,,,,,,,,,,,,,,,,,,
Virtua Fighter 2,"USA, Europe",Beta,1996-09-27,95AB6AB6,Works,,,,,,,,,,,,,,,,,,
Wacky Races,USA,Proto,,1B173F09,Has problems,"audio glitches, Downscaled imaged",,,,,,,,,,,,,,,,,
Wacky Worlds Creativity Studio,USA,Beta,1994-08-08,48D33EA0,Doesn't work,BlackScreen,,,,,,,,,,,,,,,,,
Wacky Worlds Creativity Studio,USA,Beta,1994-08-17,4615970B,Doesn't work,BlackScreen,,,,,,,,,,,,,,,,,
Wacky Worlds Creativity Studio,USA,Beta,1994-08-19,7F286925,Doesn't work,BlackScreen,,,,,,,,,,,,,,,,,
Warlock,"USA, Europe",Beta,"December, 1994",C9B6EDB3,Works,,,,,,,,,,,,,,,,,,
Warsong,USA,Beta,1991-10-01,522642C6,Works,,,,,,,,,,,,,,,,,,
Waterworld,Europe,Proto,,51C80498,Works,Downscaled Image,,,,,,,,,,,,,,,,,
Whip Rush,USA,Beta,1990-01-29,FF39FC9F,Works,,,,,,,,,,,,,,,,,,
Wild Snake,USA,Proto,,0C1A49E5,Works,,,,,,,,,,,,,,,,,,
Wimbledon Championship Tennis,USA,Beta,,9FEBC760,Works,,,,,,,,,,,,,,,,,,
Wonder Boy V - Monster World III,"Japan, Korea",Beta,1991-07-25,334035F8,Works,,,,,,,,,,,,,,,,,,
World Championship Soccer II,USA,Beta,"January, 1994",C1E21C1A,Works,,,,,,,,,,,,,,,,,,
World Championship Soccer II,USA,Beta,1994-03-03,5A458D42,Works,,,,,,,,,,,,,,,,,,
World Championship Soccer II,USA,Beta Alt 1,1994-03-03,07B387A4,Works,,,,,,,,,,,,,,,,,,
World Championship Soccer II,USA,Beta,1994-03-04,8FE9F6EF,Works,,,,,,,,,,,,,,,,,,
World Championship Soccer II,USA,Beta,1994-03-09,94625572,Works,,,,,,,,,,,,,,,,,,
World Championship Soccer II,USA,Beta Alt 1,1994-03-09,71FA89CC,Works,,,,,,,,,,,,,,,,,,
World Championship Soccer II,USA,Beta,1994-03-14,43EC107C,Works,,,,,,,,,,,,,,,,,,
World Championship Soccer II,USA,Beta,1994-03-18,F6735B61,Works,,,,,,,,,,,,,,,,,,
World Championship Soccer II,USA,Beta,1994-03-23,3852E514,Works,,,,,,,,,,,,,,,,,,
World Championship Soccer II,USA,Beta,1994-03-24,A6D43B4A,Works,,,,,,,,,,,,,,,,,,
World Championship Soccer II,USA,Beta,1994-03-25,6B3624FB,Works,,,,,,,,,,,,,,,,,,
World Championship Soccer II,USA,Beta,1994-03-26,1AD7ED9C,Works,,,,,,,,,,,,,,,,,,
World Championship Soccer II,USA,Beta,1994-03-27,4E141509,Works,,,,,,,,,,,,,,,,,,
World Championship Soccer II,USA,Beta,1994-03-29,A6759340,Works,,,,,,,,,,,,,,,,,,
World Championship Soccer II,USA,Beta Alt 1,1994-03-29,5F9C51F7,Works,,,,,,,,,,,,,,,,,,
World Championship Soccer II,USA,Beta,1994-03-30,8DD49C92,Works,,,,,,,,,,,,,,,,,,
World Championship Soccer II,USA,Beta,1994-02-22,6FBFA14E,Works,,,,,,,,,,,,,,,,,,
World Championship Soccer II,USA,Beta,1994-02-23,AAB9E240,Works,,,,,,,,,,,,,,,,,,
World Championship Soccer II,USA,Beta,1994-02-28,E210A74C,Works,,,,,,,,,,,,,,,,,,
World Heroes,Asia,Beta,1994-03-30,3F93181A,Works,,,,,,,,,,,,,,,,,,
World Heroes,Asia,Beta,1994-04-08,2BEA7215,Works,,,,,,,,,,,,,,,,,,
World Heroes,Asia,Beta,1994-04-15,6DEC07B3,Works,,,,,,,,,,,,,,,,,,
World Heroes,Asia,Beta,1994-04-20,F5FFB191,Doesn't work,E4: Please Shutdown,,,,,,,,,,,,,,,,,
World Heroes,Asia,Beta Alt 1,1994-04-20,B43B518C,Doesn't work,E4: Please Shutdown,,,,,,,,,,,,,,,,,
World Heroes,USA,Beta,1994-02-23,F5DB477E,Doesn't work,E4: Please Shutdown,,,,,,,,,,,,,,,,,
World Heroes,USA,Beta,1994-03-03,24A63AEF,Doesn't work,E4: Please Shutdown,,,,,,,,,,,,,,,,,
World Heroes,USA,Beta,1994-03-07,45C29350,Doesn't work,E4: Please Shutdown,,,,,,,,,,,,,,,,,
World Heroes,USA,Beta,1994-03-09,2C7F9E64,Doesn't work,E4: Please Shutdown,,,,,,,,,,,,,,,,,
World Heroes,USA,Beta,1994-03-15,2C0B2F4F,Doesn't work,E4: Please Shutdown,,,,,,,,,,,,,,,,,
World Heroes,USA,Beta,1994-03-16,19C74E2A,Doesn't work,E4: Please Shutdown,,,,,,,,,,,,,,,,,
World Heroes,USA,Beta,1994-03-18,2BC2A6BB,Doesn't work,E4: Please Shutdown,,,,,,,,,,,,,,,,,
World Heroes,USA,Beta,1994-03-22,5C3C0931,Doesn't work,E4: Please Shutdown,,,,,,,,,,,,,,,,,
World Heroes,USA,Beta,1994-03-23,587E6739,Doesn't work,E4: Please Shutdown,,,,,,,,,,,,,,,,,
World Heroes,USA,Beta,1994-03-24,8A656942,Doesn't work,E4: Please Shutdown,,,,,,,,,,,,,,,,,
World Heroes,USA,Beta,1994-03-30,50C797CB,Doesn't work,E4: Please Shutdown,,,,,,,,,,,,,,,,,
World Heroes,USA,Beta,1994-03-31,D210AA6E,Doesn't work,E4: Please Shutdown,,,,,,,,,,,,,,,,,
World Heroes,USA,Beta Alt 1,1994-03-31,92E1BF14,Doesn't work,E4: Please Shutdown,,,,,,,,,,,,,,,,,
World of Illusion starring Mickey Mouse & Donald Duck,"USA, Korea",Beta,"June, 1992",577F680F,Works,,,,,,,,,,,,,,,,,,
World Series Baseball,USA,Beta,1993-10-01,4F7AB92E,Doesn't work,E3: Please Shutdown,,,,,,,,,,,,,,,,,
World Series Baseball,USA,Beta,1993-12-22,0DC0558D,Doesn't work,E3: Please Shutdown,,,,,,,,,,,,,,,,,
World Series Baseball,USA,Beta,1993-12-26,472E6A58,Doesn't work,E4: Please Shutdown,,,,,,,,,,,,,,,,,
World Series Baseball,USA,Beta,1993-12-29,ED949936,Doesn't work,E4: Please Shutdown,,,,,,,,,,,,,,,,,
World Series Baseball,USA,Beta,1994-01-03,4B53F035,Doesn't work,E3: Please Shutdown,,,,,,,,,,,,,,,,,
World Series Baseball,USA,Beta,1994-01-06,B07DE2D3,Doesn't work,E4: Please Shutdown,,,,,,,,,,,,,,,,,
World Series Baseball,USA,Beta,1994-01-16,5322133E,Doesn't work,E4: Please Shutdown,,,,,,,,,,,,,,,,,
World Series Baseball,USA,Beta,1994-02-18,3CADFC50,Doesn't work,E4: Please Shutdown,,,,,,,,,,,,,,,,,
World Series Baseball,USA,Beta,1994-03-04,EDDA44A5,Doesn't work,E3: Please Shutdown,,,,,,,,,,,,,,,,,
World Series Baseball,USA,Beta Rev1,1994-05-27,E473728A,Doesn't work,E4: Please Shutdown,,,,,,,,,,,,,,,,,
World Series Baseball '95,USA,Beta,1994-12-08,8846B050,Works,,,,,,,,,,,,,,,,,,
World Series Baseball '95,USA,Beta,1994-12-14,385BE354,Works,,,,,,,,,,,,,,,,,,
World Series Baseball '95,USA,Beta,1994-12-28,9E6DBC7C,Works,,,,,,,,,,,,,,,,,,
World Series Baseball '95,USA,Beta,1995-01-01,C7574372,Works,,,,,,,,,,,,,,,,,,
World Series Baseball '95,USA,Beta,1995-01-03,498363F7,Works,,,,,,,,,,,,,,,,,,
World Series Baseball '95,USA,Beta,1995-01-05,1820ABFB,Works,,,,,,,,,,,,,,,,,,
World Series Baseball '95,USA,Beta,1995-01-09,3DE7CDBC,Works,,,,,,,,,,,,,,,,,,
World Series Baseball '95,USA,Beta,1995-01-10,AC2772B0,Works,,,,,,,,,,,,,,,,,,
World Series Baseball '95,USA,Beta,1995-01-14,F70B07CF,Works,,,,,,,,,,,,,,,,,,
World Series Baseball '95,USA,Beta,1995-01-16,F0E22B21,Works,,,,,,,,,,,,,,,,,,
World Series Baseball '95,USA,Beta,1995-01-18,5CE70F8F,Works,,,,,,,,,,,,,,,,,,
World Series Baseball '95,USA,Beta,1995-01-20,16C15E46,Works,,,,,,,,,,,,,,,,,,
World Series Baseball '95,USA,Beta,1995-01-25,B45D9E33,Works,,,,,,,,,,,,,,,,,,
World Series Baseball '95,USA,Beta,1995-01-30,6AA76A9D,Works,,,,,,,,,,,,,,,,,,
World Series Baseball '95,USA,Beta,1995-02-02,A947FE5C,Works,,,,,,,,,,,,,,,,,,
World Series Baseball '95,USA,Beta,1995-02-03,1F3754FC,Works,,,,,,,,,,,,,,,,,,
World Series Baseball '95,USA,Beta,1995-02-07,E4056559,Works,,,,,,,,,,,,,,,,,,
World Series Baseball '95,USA,Beta,1995-02-09,33BB9EDA,Works,,,,,,,,,,,,,,,,,,
World Series Baseball '95,USA,Beta Alt 1,1995-02-09,83BE98CF,Works,,,,,,,,,,,,,,,,,,
World Series Baseball '95,USA,Beta,1995-02-11,A0664FE9,Works,,,,,,,,,,,,,,,,,,
World Series Baseball '95,USA,Beta,1995-02-12,45DA8F18,Works,,,,,,,,,,,,,,,,,,
World Series Baseball '95,USA,Beta,1995-02-13,9F30AE30,Works,,,,,,,,,,,,,,,,,,
World Series Baseball '95,USA,Beta,1995-02-14,F300A857,Works,,,,,,,,,,,,,,,,,,
Worms,USA,Beta,"June, 1995",1D191694,Works,Force NTSC (USA) Header,,,,,,,,,,,,,,,,,
Wrestle War,"Japan, Europe",Beta,"September, 1990",1CDEE87B,Works,,,,,,,,,,,,,,,,,,
WWF WrestleMania - The Arcade Game,"USA, Europe",Beta,,719D6155,Doesn't work,Game gets stuck on char selector,,,,,,,,,,,,,,,,,
X-Men 2 - Clone Wars,"USA, Europe",Beta,1994-05-06,A720EBB4,Works,,,,,,,,,,,,,,,,,,
X-Men 2 - Clone Wars,"USA, Europe",Beta,1994-05-10,9B5DD185,Works,,,,,,,,,,,,,,,,,,
X-Men 2 - Clone Wars,"USA, Europe",Beta,1994-10-18,52CFF37D,Works,,,,,,,,,,,,,,,,,,
X-Men 2 - Clone Wars,"USA, Europe",Beta,1994-11-17,D90CD0DE,Works,,,,,,,,,,,,,,,,,,
X-Men 2 - Clone Wars,"USA, Europe",Beta,1994-11-23,4386A381,Works,,,,,,,,,,,,,,,,,,
X-Men 2 - Clone Wars,"USA, Europe",Beta,1994-11-20,331DAE0A,Works,,,,,,,,,,,,,,,,,,
X-Men 2 - Clone Wars,"USA, Europe",Beta,1994-11-28,70383A4D,Works,,,,,,,,,,,,,,,,,,
X-Men 2 - Clone Wars,"USA, Europe",Beta,1994-12-02,7AD7A4E9,Works,,,,,,,,,,,,,,,,,,
X-Men 2 - Clone Wars,"USA, Europe",Beta,1994-12-03,669B939C,Works,,,,,,,,,,,,,,,,,,
X-Men 2 - Clone Wars,"USA, Europe",Beta,1994-12-06,5B1D0CF5,Works,,,,,,,,,,,,,,,,,,
X-Men 2 - Clone Wars,"USA, Europe",Beta,1994-12-07,246A30DA,Works,,,,,,,,,,,,,,,,,,
X-Men 2 - Clone Wars,"USA, Europe",Beta,1994-12-08,C6D90B1C,Works,,,,,,,,,,,,,,,,,,
X-Men 2 - Clone Wars,"USA, Europe",Beta,1994-12-09,28307B58,Works,,,,,,,,,,,,,,,,,,
X-Men 2 - Clone Wars,"USA, Europe",Beta,1994-12-10,73E2EFFE,Works,,,,,,,,,,,,,,,,,,
X-Men 2 - Clone Wars,"USA, Europe",Beta,1994-12-11,11415B86,Works,,,,,,,,,,,,,,,,,,
X-Men 2 - Clone Wars,"USA, Europe",Beta Alt 1,1994-12-11,51876259,Works,,,,,,,,,,,,,,,,,,
X-Men 2 - Clone Wars,"USA, Europe",Beta,1994-12-14,CD662DE6,Works,,,,,,,,,,,,,,,,,,
X-Men 2 - Clone Wars,"USA, Europe",Beta,1994-12-15,A5188E30,Works,,,,,,,,,,,,,,,,,,
X-Men 2 - Clone Wars,"USA, Europe",Beta,1994-12-16,E8C40972,Works,,,,,,,,,,,,,,,,,,
X-Perts,"USA, Europe",Beta,,C89AD87E,Works,,,,,,,,,,,,,,,,,,
X-Perts,USA,Beta,"June, 1995",9D067249,Has problems,,,,,,,,,,,,,,,,,,
"Young Indiana Jones Chronicles, The",USA,Beta,,44F6BE35,Works,,,,,,,,,,,,,,,,,,
Ys III,USA,Beta,1991-08-28,69994C44,Works,,,,,,,,,,,,,,,,,,
Yu Yu Hakusho - Makyou Toitsusen,Japan,Beta,"June, 1994",742EA744,Works,,,,,,,,,,,,,,,,,,
Zombie High,USA,Proto,,7BEA6194,Doesn't work,E3: Please Shutdown,,,,,,,,,,,,,,,,,
